{
    "asac_schrader": {
        "sounds": [
            "suit/asac_schrader"
        ],
        "category": "player"
    },
    "barking_dogs": {
        "sounds": [
            "suit/barking_dogs"
        ],
        "category": "player"
    },
    "heil_hitler_btch": {
        "sounds": [
            "suit/heil_hitler_bitch"
        ],
        "category": "player"
    },
    "i_am_the_one_who_knocks": {
        "sounds":[
            "suit/i_am_the_one_who_knocks"
        ],
        "category": "player"
    },
    "imposter_amongus": {
        "sounds": [
            "suit/imposter_amongus"
        ],
        "category": "player"
    },
    "sus_lately": {
        "sounds":[
            "suit/sus_lately"
        ],
        "category": "player"
    },
    "sussy_baka": {
        "sounds": [
            "suit/sussy_baka"
        ],
        "category": "player"
    },
    "you_are_done": {
        "sounds": [
            "suit/you_are_done"
        ],
        "category": "player"
    
    }

}