{
    "Asac_Schrader": {
        "sounds": [
            "suit/asac_schrader"
        ],
        "category": "player"
    },
    "Barking_Dogs": {
        "sounds": [
            "suit/barking_dogs"
        ],
        "category": "player"
    },
    "Heil_Hitler_B#tch": {
        "sounds": [
            "suit/heil_hitler_bitch"
        ],
        "category": "player"
    },
    "I_am_the_one_who_knocks": {
        "sounds":[
            "suit/I_am_the_one_who_knocks"
        ],
        "category": "player"
    },
    "Imposter_Amongus": {
        "sounds": [
            "suit/imposter_amongus"
        ],
        "category": "player"
    },
    "Sus_Lately": {
        "sounds":[
            "suit/sus_lately"
        ],
        "category": "player"
    },
    "Sussy_Baka": {
        "sounds": [
            "suit/sussy_baka"
        ],
        "category": "player"
    },
    "You_Are_Done": {
        "sounds": [
            "suit/you_are_done"
        ],
        "category": "player"
    
    }

}